{"Africa": 33924.03223070399, "Asia": 36278.61729313981, "Australia": 162552.6668984701, "Europe": 96414.01729000047, "North America": 224167.91709683437, "Other Country (Not Listed Above)": 89339.45762711864, "South America": 32605.03801794105}